<?xml version="1.0" encoding="UTF-8"?>
<objects serializationModel="Studio.02.02.00">
	<object class="EncodingSetting" id="{cd9c2d5d-e98e-4ee2-a4fa-7f0857b45de8}">
		<property name="encodingFormat">
			<value>3</value>
		</property>
		<property name="quality">
			<value>37</value>
		</property>
		<relationship name="platform">
			<destination>{7bd97079-327e-4a0c-919f-394b4a7b52f0}</destination>
		</relationship>
		<relationship name="encodable">
			<destination>{7bd97079-327e-4a0c-919f-394b4a7b52f0}</destination>
		</relationship>
	</object>
</objects>
