<?xml version="1.0" encoding="UTF-8"?>
<objects serializationModel="Studio.02.02.00">
	<object class="ParameterPreset" id="{21ac6c53-da83-4b86-9b19-63518bd1bd99}">
		<property name="name">
			<value>scale</value>
		</property>
		<relationship name="folder">
			<destination>{70bd7d41-dd44-414f-8cb2-0b400261f592}</destination>
		</relationship>
		<relationship name="parameter">
			<destination>{f7639a06-b059-49dc-b34a-7f3650165d1e}</destination>
		</relationship>
	</object>
	<object class="GameParameter" id="{f7639a06-b059-49dc-b34a-7f3650165d1e}">
		<property name="initialValue">
			<value>1</value>
		</property>
	</object>
</objects>
