<?xml version="1.0" encoding="UTF-8"?>
<objects serializationModel="Studio.02.02.00">
	<object class="ParameterPreset" id="{edd71c13-60b7-4a39-ac7e-69464787c875}">
		<property name="name">
			<value>weight</value>
		</property>
		<relationship name="folder">
			<destination>{70bd7d41-dd44-414f-8cb2-0b400261f592}</destination>
		</relationship>
		<relationship name="parameter">
			<destination>{074a9e65-33a4-4efc-9d75-5ea37dbb6835}</destination>
		</relationship>
	</object>
	<object class="GameParameter" id="{074a9e65-33a4-4efc-9d75-5ea37dbb6835}">
		<property name="initialValue">
			<value>1</value>
		</property>
	</object>
</objects>
