<?xml version="1.0" encoding="UTF-8"?>
<objects serializationModel="Studio.02.02.00">
	<object class="MixerMaster" id="{28889e88-e58b-440c-9687-8879e4f60424}">
		<property name="name">
			<value>Master Bus</value>
		</property>
		<relationship name="effectChain">
			<destination>{af199342-66ab-4096-ac3c-c403a81122ca}</destination>
		</relationship>
		<relationship name="panner">
			<destination>{6abdd54f-d55f-471e-a89f-dde47de328a1}</destination>
		</relationship>
		<relationship name="mixer">
			<destination>{21162f0e-a1a2-48b6-8790-2dc115fe9819}</destination>
		</relationship>
	</object>
	<object class="MixerBusEffectChain" id="{af199342-66ab-4096-ac3c-c403a81122ca}">
		<relationship name="effects">
			<destination>{3d0bf301-fc9a-4034-be5a-c16e6a9895b6}</destination>
		</relationship>
	</object>
	<object class="MixerBusPanner" id="{6abdd54f-d55f-471e-a89f-dde47de328a1}">
		<property name="overridingOutputFormat">
			<value>2</value>
		</property>
	</object>
	<object class="MixerBusFader" id="{3d0bf301-fc9a-4034-be5a-c16e6a9895b6}" />
</objects>
