<?xml version="1.0" encoding="UTF-8"?>
<objects serializationModel="Studio.02.02.00">
	<object class="Workspace" id="{e6e77779-0122-4a57-ba8f-0f2fef6e504b}">
		<relationship name="masterEventFolder">
			<destination>{87b71c58-d796-4889-885a-6184e411f824}</destination>
		</relationship>
		<relationship name="masterTagFolder">
			<destination>{e168f51f-7b3d-4afc-8e4f-729795922ff4}</destination>
		</relationship>
		<relationship name="masterEffectPresetFolder">
			<destination>{a8e8587a-460a-4295-ae5b-35c8df969628}</destination>
		</relationship>
		<relationship name="masterParameterPresetFolder">
			<destination>{70bd7d41-dd44-414f-8cb2-0b400261f592}</destination>
		</relationship>
		<relationship name="masterBankFolder">
			<destination>{d8ded8e3-c2ae-4a3a-812a-0e1edf00b9dc}</destination>
		</relationship>
		<relationship name="masterSandboxFolder">
			<destination>{47c89559-cdbb-4295-b8f9-f011519336c7}</destination>
		</relationship>
		<relationship name="masterAssetFolder">
			<destination>{0e27b10d-d671-4cc5-b01b-ab500049edcd}</destination>
		</relationship>
		<relationship name="mixer">
			<destination>{21162f0e-a1a2-48b6-8790-2dc115fe9819}</destination>
		</relationship>
		<relationship name="profilerSessionFolder">
			<destination>{17591e14-d5f5-4aaa-a4a7-2790502daaa5}</destination>
		</relationship>
		<relationship name="platforms">
			<destination>{7bd97079-327e-4a0c-919f-394b4a7b52f0}</destination>
		</relationship>
	</object>
</objects>
